doc	n_opinions	min	max	average	sd	simplified	0	1	3	4	6	7	8	9	10	11	sign_conflict?
z02895_www_svd_se_skanekommuner-regeringen-overger-oss	1	3	3	3.0	0.0	0								3			
z04019_flashback-51497118	1	1	1	1.0	0.0	-1		1									
z02375_www_svd_se_forandring-ar-mojlig-for-de-som-tigger	1	4	4	4.0	0.0	1										4	
z03925_flashback-51548764	1	3	3	3.0	0.0	0			3								
z01201_flashback-51772884	1	1	1	1.0	0.0	-1						1					
z02321_www_svd_se_vad-ar-egentligen-ungmoderaters-agenda	1	2	2	2.0	0.0	-1										2	
z03210_flashback-54998393	1	3	3	3.0	0.0	0								3			
z01420_flashback-9655405	1	1	1	1.0	0.0	-1									1		
z03881_flashback-12760253	1	2	2	2.0	0.0	-1				2							
z01179_flashback-44728032	1	1	1	1.0	0.0	-1		1									
z01232_www_aftonbladet_se_debatt_article19549521_ab	1	2	2	2.0	0.0	-1										2	
z00006_www_svd_se_forskare-genusgapet-bor-tas-pa-allvar	1	3	3	3.0	0.0	0								3			
z01565_flashback-54019618	1	2	2	2.0	0.0	-1										2	
z00754_flashback-55369777	1	1	1	1.0	0.0	-1									1		
z00664_flashback-56352426	1	3	3	3.0	0.0	0									3		
z02806_flashback-52397602	1	2	2	2.0	0.0	-1									2		
z01977_www_aftonbladet_se_debatt_article10430950_ab	1	4	4	4.0	0.0	1								4			
z03723_www_svd_se_integration-star-och-faller-med-varderingar	1	4	4	4.0	0.0	1								4			
z02269_www_aftonbladet_se_debatt_article10354638_ab	1	3	3	3.0	0.0	0			3								
z03998_flashback-59722293	1	2	2	2.0	0.0	-1				2							
www_aftonbladet_se_debatt_debattamnen_varlden_article13627993_ab	4	4	5	4.5	0.5	1		4				4			5	5	
z01339_flashback-58995496	1	3	3	3.0	0.0	0									3		
z02473_flashback-64194218	1	3	3	3.0	0.0	0									3		
z01411_www_aftonbladet_se_debatt_a_epQq9_sa-har-kan-vi-stoppa-tvangsaktenskapen	1	3	3	3.0	0.0	0									3		
z00561_flashback-50409638	1	2	2	2.0	0.0	-1					2						
z00895_flashback-60446980	1	3	3	3.0	0.0	0						3					
z03292_flashback-55786631	1	1	1	1.0	0.0	-1									1		
z01101_flashback-59705802	1	2	2	2.0	0.0	-1					2						
z02354_flashback-20635	1	2	2	2.0	0.0	-1							2				
z00282_www_aftonbladet_se_debatt_article11510488_ab	1	4	4	4.0	0.0	1					4						
z03355_www_aftonbladet_se_debatt_article10288814_ab	1	5	5	5.0	0.0	1									5		
z02388_www_aftonbladet_se_debatt_a_8a9mE_det-ar-tuffa-beslut--men-nodvandiga	1	3	3	3.0	0.0	0					3						
z01376_www_svd_se_lo-vagrar-att-forsta-invandrares-verklighet	1	3	3	3.0	0.0	0										3	
z01272_www_aftonbladet_se_debatt_article22549360_ab	1	4	4	4.0	0.0	1					4						
z04061_flashback-11651940	1	3	3	3.0	0.0	0		3									
z00307_flashback-59543868	1	2	2	2.0	0.0	-1			2								
z02915_flashback-25493497	1	3	3	3.0	0.0	0										3	
z01311_flashback-2366290	1	1	1	1.0	0.0	-1								1			
z01146_flashback-51251933	1	2	2	2.0	0.0	-1					2						
z00421_flashback-58913848	1	1	1	1.0	0.0	-1									1		
z04087_flashback-2069537	1	3	3	3.0	0.0	0		3									
z00058_flashback-58622162	1	3	3	3.0	0.0	0						3					
z00579_flashback-8806334	1	2	2	2.0	0.0	-1					2						
www_aftonbladet_se_debatt_debattamnen_politik_article19974579_ab	2	2	4	3.0	1.0	0		4								2	true
z02626_flashback-47993548	1	3	3	3.0	0.0	0									3		
z01526_flashback-53422099	1	4	4	4.0	0.0	1							4				
z00406_flashback-48132402	1	2	2	2.0	0.0	-1			2								
z03414_flashback-63039183	1	2	2	2.0	0.0	-1					2						
z03806_flashback-26092973	1	3	3	3.0	0.0	0										3	
z02512_flashback-60870344	1	3	3	3.0	0.0	0			3								
z00395_www_svd_se_fodda-i-fel-land-stangs-ute	1	4	4	4.0	0.0	1										4	
z00503_flashback-54510023	1	1	1	1.0	0.0	-1										1	
z00037_flashback-50792387	1	3	3	3.0	0.0	0			3								
z03689_flashback-60683948	1	1	1	1.0	0.0	-1										1	
z00682_flashback-58861177	1	1	1	1.0	0.0	-1									1		
z02051_www_svd_se_tala-med-stolthet-om-sveriges-insats	1	4	4	4.0	0.0	1										4	
z00991_flashback-20545832	5	1	2	1.4	0.4898979485566356	-1					1	2		2	1	1	
z04031_www_svd_se_spraket-nyckeln-till-integration	1	4	4	4.0	0.0	1		4									
z02113_flashback-54699631	1	3	3	3.0	0.0	0									3		
z00387_flashback-9562774	1	2	2	2.0	0.0	-1		2									
z00773_flashback-55250184	1	4	4	4.0	0.0	1										4	
z03392_flashback-42253774	1	2	2	2.0	0.0	-1										2	
z00669_www_svd_se_eu-bor-inte-oppna-for-att-soka-asyl-pa-plats	1	2	2	2.0	0.0	-1					2						
z03517_flashback-55154626	1	3	3	3.0	0.0	0									3		
z00683_flashback-58276969	1	2	2	2.0	0.0	-1										2	
z01322_www_svd_se_nu-pagar-slaget-om-svenskheten	1	4	4	4.0	0.0	1										4	
z00931_flashback-61321900	1	3	3	3.0	0.0	0						3					
z00014_flashback-53334610	1	3	3	3.0	0.0	0							3				
z01264_www_aftonbladet_se_debatt_article22229097_ab	7	3	4	3.857142857142857	0.34992710611188266	1		4			4	4	4	4	3	4	
z00071_flashback-27592949	1	2	2	2.0	0.0	-1										2	
z03564_flashback-54074210	1	3	3	3.0	0.0	0		3									
z01331_flashback-39528691	1	1	1	1.0	0.0	-1										1	
z01934_flashback-57088549	1	1	1	1.0	0.0	-1										1	
z03031_www_aftonbladet_se_debatt_debattamnen_politik_article12017339_ab	1	3	3	3.0	0.0	0									3		
z00435_flashback-39858	1	1	1	1.0	0.0	-1					1						
www_aftonbladet_se_debatt_article10286052_ab	2	3	5	4.0	1.0	1						3				5	
z00807_flashback-61138546	1	2	2	2.0	0.0	-1								2			
z00032_flashback-57460	1	3	3	3.0	0.0	0							3				
flashback-54985298	9	2	3	2.6666666666666665	0.4714045207910317	-1		3	2	3	2	3	3	3	3	2	
z00484_www_aftonbladet_se_debatt_article10289040_ab	1	3	3	3.0	0.0	0									3		
z00727_www_svd_se_avgorande-att-skydda-invandrarnas-foretag	1	5	5	5.0	0.0	1									5		
www_aftonbladet_se_debatt_article13180342_ab	1	3	3	3.0	0.0	0				3							
www_aftonbladet_se_debatt_article14737837_ab	7	2	5	4.285714285714286	1.0301575072754257	1		4		2	5	5	4		5	5	true
z02509_flashback-54155135	1	3	3	3.0	0.0	0									3		
z00732_flashback-49341120	1	3	3	3.0	0.0	0					3						
z00350_flashback-4933091	1	1	1	1.0	0.0	-1										1	
z01202_flashback-10834261	1	3	3	3.0	0.0	0							3				
z02996_flashback-57013137	1	3	3	3.0	0.0	0										3	
z01035_www_svd_se_stoppa-slavhandeln-med-flyktingar-i-libyen	1	5	5	5.0	0.0	1		5									
z00994_flashback-19558506	1	2	2	2.0	0.0	-1						2					
z02799_flashback-57623356	1	1	1	1.0	0.0	-1		1									
z00428_flashback-52017766	1	2	2	2.0	0.0	-1							2				
z01564_flashback-19566876	1	3	3	3.0	0.0	0									3		
z01204_flashback-50389658	1	3	3	3.0	0.0	0									3		
z03552_flashback-54870912	1	2	2	2.0	0.0	-1								2			
z02925_flashback-27352289	1	1	1	1.0	0.0	-1		1									
z03639_www_aftonbladet_se_debatt_kronikorer_martinezpeleta_article12331158_ab	1	3	3	3.0	0.0	0					3						
z02568_flashback-55328382	1	1	1	1.0	0.0	-1					1						
z01518_flashback-13796985	1	2	2	2.0	0.0	-1								2			
z01092_www_aftonbladet_se_debatt_article16274160_ab	1	4	4	4.0	0.0	1					4						
z02330_flashback-15092967	1	2	2	2.0	0.0	-1										2	
z00036_flashback-58546822	1	3	3	3.0	0.0	0		3									
z00176_flashback-58188978	1	2	2	2.0	0.0	-1							2				
www_aftonbladet_se_debatt_a_gPG3xq_sd-har-fatt-debatten-om-migration-dit-de-vill	9	3	5	4.0	0.6666666666666666	1	4	3	4	3	4	5		4	4	5	
z01863_flashback-36582174	1	1	1	1.0	0.0	-1		1									
z03234_flashback-4071828	1	2	2	2.0	0.0	-1					2						
www_aftonbladet_se_debatt_a_3j44re_integrationen-funkar--lar-av-dem-som-lyckats	1	4	4	4.0	0.0	1	4										
z02109_flashback-55588936	1	2	2	2.0	0.0	-1					2						
z02066_flashback-55724123	1	2	2	2.0	0.0	-1							2				
z02419_flashback-55394764	1	2	2	2.0	0.0	-1									2		
z00230_flashback-36686251	1	3	3	3.0	0.0	0							3				
z01660_flashback-49441384	1	2	2	2.0	0.0	-1						2					
z00845_flashback-19076532	1	1	1	1.0	0.0	-1										1	
z00898_flashback-54890260	1	3	3	3.0	0.0	0									3		
z00174_flashback-60925491	1	2	2	2.0	0.0	-1					2						
z03375_www_svd_se_fel-om-tid-for-nar-flyktingar-har-jobb	1	3	3	3.0	0.0	0		3									
z01292_flashback-1771587	1	2	2	2.0	0.0	-1							2				
z02087_flashback-59043679	1	3	3	3.0	0.0	0										3	
z01608_flashback-54843402	1	3	3	3.0	0.0	0								3			
z02535_flashback-61484053	1	3	3	3.0	0.0	0								3			
z01086_www_aftonbladet_se_debatt_article10372998_ab	1	3	3	3.0	0.0	0								3			
z00392_flashback-57398523	1	2	2	2.0	0.0	-1							2				
z01889_flashback-60076627	1	3	3	3.0	0.0	0										3	
z03952_flashback-12424841	1	3	3	3.0	0.0	0			3								
z01293_flashback-4546878	1	3	3	3.0	0.0	0								3			
z01375_flashback-59370198	1	3	3	3.0	0.0	0									3		
z00332_flashback-62656934	1	2	2	2.0	0.0	-1										2	
z02766_www_aftonbladet_se_debatt_article10308087_ab	1	3	3	3.0	0.0	0					3						
z01268_flashback-55308679	1	5	5	5.0	0.0	1										5	
z03831_www_aftonbladet_se_debatt_a_5Vz8oE_hur-kan-vi-utvisa-dem-vi-behover-som-mest	1	4	4	4.0	0.0	1								4			
z00808_flashback-55141651	1	1	1	1.0	0.0	-1									1		
z03673_www_svd_se_bor-flyktingar-kunna-soka-asyl-i-hemlandet	1	3	3	3.0	0.0	0			3								
z03913_flashback-41469	1	3	3	3.0	0.0	0									3		
z02613_flashback-51991250	1	3	3	3.0	0.0	0					3						
z00522_flashback-62960826	1	1	1	1.0	0.0	-1		1									
z00889_flashback-59809189	1	1	1	1.0	0.0	-1									1		
z03851_www_aftonbladet_se_debatt_article17848479_ab	1	4	4	4.0	0.0	1										4	
z01715_flashback-55077163	1	2	2	2.0	0.0	-1							2				
z00063_flashback-47867942	1	3	3	3.0	0.0	0		3									
z00026_flashback-64032339	1	1	1	1.0	0.0	-1										1	
z00871_flashback-54823928	1	3	3	3.0	0.0	0									3		
z02426_flashback-3471606	1	2	2	2.0	0.0	-1							2				
z00287_www_svd_se_lagstifta-om-skyldighet-att-ta-emot-flyktingar	1	4	4	4.0	0.0	1										4	
z00008_flashback-50348640	1	2	2	2.0	0.0	-1										2	
z00854_flashback-20531058	1	2	2	2.0	0.0	-1										2	
z01960_flashback-57909360	1	1	1	1.0	0.0	-1									1		
z02175_www_svd_se_miljon-som-svepskal-for-minskad-invandring	1	3	3	3.0	0.0	0								3			
z02607_flashback-61777924	1	2	2	2.0	0.0	-1								2			
z01382_www_svd_se_fem-partier-maste-nu-borja-samarbeta	1	3	3	3.0	0.0	0							3				
z00221_flashback-11848971	1	1	1	1.0	0.0	-1							1				
z01115_flashback-59953269	1	2	2	2.0	0.0	-1										2	
z00438_flashback-60091368	1	2	2	2.0	0.0	-1								2			
z02069_flashback-58142518	1	1	1	1.0	0.0	-1										1	
z02778_flashback-53096731	1	2	2	2.0	0.0	-1								2			
z00250_flashback-30949882	1	1	1	1.0	0.0	-1									1		
z00861_www_aftonbladet_se_debatt_debattamnen_samhalle_article12289591_ab	1	4	4	4.0	0.0	1								4			
z01294_flashback-55845552	1	3	3	3.0	0.0	0									3		
z00763_flashback-55458354	1	1	1	1.0	0.0	-1									1		
z01625_flashback-55902242	1	1	1	1.0	0.0	-1							1				
z00507_flashback-17684405	1	1	1	1.0	0.0	-1					1						
z02818_www_aftonbladet_se_debatt_a_6J3X8_de-offras-i-europas-iskalla-granspolitik	1	4	4	4.0	0.0	1			4								
z02897_flashback-56535866	1	2	2	2.0	0.0	-1										2	
z00088_flashback-51544800	1	1	1	1.0	0.0	-1									1		
z02702_www_aftonbladet_se_debatt_article21289166_ab	1	4	4	4.0	0.0	1		4									
z00924_flashback-4511219	1	3	3	3.0	0.0	0								3			
z02249_flashback-44016963	1	2	2	2.0	0.0	-1										2	
z00698_www_svd_se_sverige-behover-en-mer-effektiv-invandringspolitik	1	4	4	4.0	0.0	1							4				
z02291_flashback-62786485	1	3	3	3.0	0.0	0							3				
z02307_flashback-56725153	1	2	2	2.0	0.0	-1					2						
z02572_flashback-61571250	1	3	3	3.0	0.0	0									3		
z01600_www_aftonbladet_se_debatt_a_JdrV6_barn-far-ga-hungriga-till-skolan--i-sverige	1	3	3	3.0	0.0	0									3		
z01762_www_aftonbladet_se_debatt_a_RxyjJr_att-fly-for-livet-ar-inte-spannande-fritzon	1	4	4	4.0	0.0	1									4		
z01822_flashback-63834904	1	4	4	4.0	0.0	1						4					
z02483_flashback-49936829	1	3	3	3.0	0.0	0										3	
z00203_flashback-62175894	1	2	2	2.0	0.0	-1							2				
z00314_flashback-60228378	1	2	2	2.0	0.0	-1										2	
z03486_flashback-61270049	1	2	2	2.0	0.0	-1					2						
z03297_www_aftonbladet_se_debatt_debattamnen_politik_article21589737_ab	1	4	4	4.0	0.0	1					4						
z02363_flashback-56424202	1	2	2	2.0	0.0	-1							2				
z01869_flashback-58717936	1	2	2	2.0	0.0	-1								2			
z02059_www_aftonbladet_se_debatt_article10276675_ab	1	3	3	3.0	0.0	0									3		
z01349_www_aftonbladet_se_debatt_article21649990_ab	1	4	4	4.0	0.0	1										4	
z01077_flashback-40900147	1	2	2	2.0	0.0	-1								2			
z00248_flashback-60480140	1	4	4	4.0	0.0	1							4				
z01012_flashback-36693998	1	2	2	2.0	0.0	-1						2					
z03300_www_aftonbladet_se_debatt_debattamnen_medier_article19556846_ab	1	4	4	4.0	0.0	1								4			
z00919_flashback-25949450	1	2	2	2.0	0.0	-1			2								
z01675_www_svd_se_forskare-nya-asyllagar-groper-ur-var-demokrati	1	4	4	4.0	0.0	1			4								
z01227_flashback-50197230	1	2	2	2.0	0.0	-1					2						
z02982_flashback-49681576	1	2	2	2.0	0.0	-1					2						
z00097_flashback-62697866	1	1	1	1.0	0.0	-1									1		
z00118_flashback-16206250	1	3	3	3.0	0.0	0			3								
z01237_www_aftonbladet_se_debatt_article23076019_ab	1	4	4	4.0	0.0	1						4					
z00300_flashback-19926213	1	2	2	2.0	0.0	-1					2						
z01065_www_aftonbladet_se_debatt_article23038881_ab	1	4	4	4.0	0.0	1					4						
z00222_flashback-29284342	1	2	2	2.0	0.0	-1								2			
z03255_flashback-38332886	1	3	3	3.0	0.0	0								3			
z00615_flashback-57636378	1	2	2	2.0	0.0	-1					2						
z03315_flashback-61427342	1	2	2	2.0	0.0	-1					2						
z01711_www_aftonbladet_se_debatt_article22254211_ab	1	4	4	4.0	0.0	1			4								
z02742_flashback-40451297	1	1	1	1.0	0.0	-1								1			
z02096_flashback-62514002	1	1	1	1.0	0.0	-1										1	
z00791_flashback-1555273	1	2	2	2.0	0.0	-1										2	
z02628_www_aftonbladet_se_debatt_arbetsmarknad_article19625425_ab	1	2	2	2.0	0.0	-1		2									
z03941_flashback-56896875	1	2	2	2.0	0.0	-1										2	
z00690_flashback-60873951	1	2	2	2.0	0.0	-1								2			
z03882_flashback-53808922	1	2	2	2.0	0.0	-1					2						
z02336_flashback-8022212	1	2	2	2.0	0.0	-1							2				
z02554_flashback-64020665	1	3	3	3.0	0.0	0									3		
z03963_www_aftonbladet_se_debatt_debattamnen_samhalle_article12554095_ab	1	5	5	5.0	0.0	1					5						
z01815_www_aftonbladet_se_debatt_article10286447_ab	1	4	4	4.0	0.0	1								4			
z02048_flashback-19326232	1	2	2	2.0	0.0	-1							2				
z01156_www_aftonbladet_se_debatt_debattamnen_politik_article12237873_ab	1	3	3	3.0	0.0	0						3					
www_aftonbladet_se_debatt_a_3aL4q_jag-skrams-av-hatet-som-nu-sprids	8	2	5	3.875	0.9270248108869579	1		4		2	3	4	4	5	4	5	true
z00372_flashback-8433954	1	2	2	2.0	0.0	-1					2						
z00907_flashback-60306052	1	1	1	1.0	0.0	-1									1		
z01530_www_aftonbladet_se_debatt_debattamnen_samhalle_article12557721_ab	1	4	4	4.0	0.0	1		4									
z00075_www_svd_se_sd-ta-bort-mojlighet-att-soka-asyl-vid-gransen	1	2	2	2.0	0.0	-1					2						
z02177_flashback-54058469	1	1	1	1.0	0.0	-1										1	
z03444_flashback-60674519	1	2	2	2.0	0.0	-1								2			
z02092_www_aftonbladet_se_debatt_article21363713_ab	1	5	5	5.0	0.0	1						5					
z01709_flashback-29299528	1	2	2	2.0	0.0	-1										2	
z00672_flashback-2323142	1	3	3	3.0	0.0	0								3			
z02429_www_svd_se_miljoskal-talar-for-mer-begransad-invandring	1	2	2	2.0	0.0	-1										2	
z00787_flashback-54901547	1	2	2	2.0	0.0	-1						2					
z01405_flashback-58210012	1	2	2	2.0	0.0	-1			2								
z02829_flashback-49111034	1	2	2	2.0	0.0	-1					2						
z01247_flashback-59592315	1	3	3	3.0	0.0	0							3				
z02086_flashback-61873177	1	4	4	4.0	0.0	1									4		
z03391_flashback-54693365	1	2	2	2.0	0.0	-1									2		
z00887_flashback-6548400	1	4	4	4.0	0.0	1							4				
z04052_flashback-60253446	1	2	2	2.0	0.0	-1		2									
z01150_flashback-25637232	1	3	3	3.0	0.0	0									3		
z03311_flashback-25883172	1	3	3	3.0	0.0	0										3	
z03545_flashback-64205415	1	3	3	3.0	0.0	0										3	
z00813_www_svd_se_sd-helt-otillrackligt-for-att-losa-flyktingkrisen	1	2	2	2.0	0.0	-1					2						
z01209_flashback-1144336	1	3	3	3.0	0.0	0					3						
z00053_flashback-17328238	1	3	3	3.0	0.0	0										3	
z02730_flashback-22049819	1	2	2	2.0	0.0	-1					2						
z01545_www_aftonbladet_se_debatt_debattamnen_politik_article12049791_ab	1	2	2	2.0	0.0	-1								2			
z02364_flashback-38429216	1	2	2	2.0	0.0	-1								2			
www_svd_se_utbredd-diskriminering-inom-eu	1	4	4	4.0	0.0	1										4	
z00430_flashback-56083589	1	1	1	1.0	0.0	-1									1		
z02010_flashback-57389683	1	2	2	2.0	0.0	-1					2						
z02735_www_aftonbladet_se_debatt_debattamnen_politik_article20237788_ab	1	3	3	3.0	0.0	0										3	
z01148_flashback-49434577	1	2	2	2.0	0.0	-1							2				
z00792_flashback-54307378	1	1	1	1.0	0.0	-1		1									
z01492_flashback-58216174	1	3	3	3.0	0.0	0									3		
z02158_www_svd_se_tvang-att-ta-emot-flyktingar-loser-inte-problemen	1	3	3	3.0	0.0	0									3		
z03846_www_svd_se_omojligt-for-nyanlanda-att-stanna-i-solna	1	4	4	4.0	0.0	1					4						
z02763_flashback-49721842	1	1	1	1.0	0.0	-1		1									
z00553_www_aftonbladet_se_debatt_a_Rxqb98_vi-utvisar--andra-lander-tackar-och-tar-emot	1	5	5	5.0	0.0	1						5					
z01490_flashback-54675071	1	2	2	2.0	0.0	-1							2				
z01814_www_svd_se_sd-lakare-bor-gora-aldersbedomningar	1	3	3	3.0	0.0	0							3				
z00692_flashback-59858049	1	2	2	2.0	0.0	-1										2	
z01392_flashback-54861492	1	2	2	2.0	0.0	-1								2			
z02716_flashback-63475384	1	3	3	3.0	0.0	0									3		
z02084_flashback-58271973	1	2	2	2.0	0.0	-1							2				
z01898_flashback-61138330	1	3	3	3.0	0.0	0										3	
z01924_www_svd_se_integration-kraver-politisk-handlingskraft	1	3	3	3.0	0.0	0									3		
z03538_flashback-14612901	1	2	2	2.0	0.0	-1			2								
z03546_flashback-59274882	1	2	2	2.0	0.0	-1		2									
z01916_flashback-41209335	1	2	2	2.0	0.0	-1										2	
z00619_flashback-41940197	1	3	3	3.0	0.0	0									3		
z00024_flashback-26202666	1	3	3	3.0	0.0	0								3			
z01759_flashback-55574018	1	3	3	3.0	0.0	0						3					
z04013_flashback-50138430	1	5	5	5.0	0.0	1		5									
z00095_flashback-6093779	1	2	2	2.0	0.0	-1							2				
z03868_flashback-32358442	1	1	1	1.0	0.0	-1									1		
z02067_www_svd_se_fel-aspekter-avgor-vem-som-blir-utvisad	1	4	4	4.0	0.0	1								4			
z00010_flashback-61310860	1	4	4	4.0	0.0	1			4								
z00864_flashback-9222160	1	2	2	2.0	0.0	-1		2									
z02326_flashback-55419566	1	3	3	3.0	0.0	0						3					
z01914_www_aftonbladet_se_debatt_a_mOOGv_alderstesterna-baddar-for-livsfarliga-misstag	1	4	4	4.0	0.0	1								4			
z01377_www_aftonbladet_se_debatt_article22578337_ab	1	2	2	2.0	0.0	-1		2									
z00529_www_aftonbladet_se_debatt_article10896130_ab	1	3	3	3.0	0.0	0									3		
z00213_flashback-55004256	1	3	3	3.0	0.0	0								3			
z00968_flashback-5966169	1	2	2	2.0	0.0	-1							2				
z03585_flashback-55181905	1	2	2	2.0	0.0	-1					2						
z00482_flashback-46981407	1	3	3	3.0	0.0	0							3				
z03752_flashback-58580399	1	2	2	2.0	0.0	-1										2	
z00475_flashback-16954739	1	1	1	1.0	0.0	-1									1		
z03962_www_aftonbladet_se_debatt_debattamnen_politik_article12106609_ab	1	2	2	2.0	0.0	-1				2							
z03607_flashback-41376856	1	1	1	1.0	0.0	-1									1		
z00422_flashback-3988833	1	3	3	3.0	0.0	0										3	
z03230_www_svd_se_mp-de-borgerliga-sviker-de-ensamkommande	1	4	4	4.0	0.0	1										4	
z02743_flashback-57445895	1	2	2	2.0	0.0	-1									2		
z00859_flashback-63076353	1	3	3	3.0	0.0	0						3					
z01430_flashback-62771314	1	1	1	1.0	0.0	-1										1	
z01717_flashback-29947271	1	3	3	3.0	0.0	0									3		
z03990_flashback-331968	1	4	4	4.0	0.0	1					4						
z02111_www_svd_se_fel-att-flyktingar-utvisas-till-irak	1	4	4	4.0	0.0	1							4				
z02165_flashback-64172023	2	2	3	2.5	0.5	-1									3	2	
z00700_www_aftonbladet_se_debatt_debattamnen_samhalle_article17503637_ab	1	3	3	3.0	0.0	0									3		
z00084_www_aftonbladet_se_debatt_debattamnen_politik_article16296371_ab	1	3	3	3.0	0.0	0					3						
z03257_flashback-50319585	1	2	2	2.0	0.0	-1										2	
z00814_flashback-58488168	1	3	3	3.0	0.0	0						3					
flashback-9588730	7	1	3	2.2857142857142856	0.6998542122237652	-1		3			2	3	3	2	1	2	
z02199_flashback-60865706	1	2	2	2.0	0.0	-1					2						
z00202_flashback-60047341	1	2	2	2.0	0.0	-1						2					
z00337_flashback-37792346	1	1	1	1.0	0.0	-1						1					
z01839_flashback-27164146	1	2	2	2.0	0.0	-1					2						
z00456_flashback-60418792	1	3	3	3.0	0.0	0								3			
z03049_flashback-44148265	1	3	3	3.0	0.0	0									3		
z03042_www_aftonbladet_se_debatt_debattamnen_politik_article20703797_ab	1	4	4	4.0	0.0	1		4									
z00394_flashback-59692401	1	1	1	1.0	0.0	-1									1		
z01958_flashback-58022519	1	1	1	1.0	0.0	-1							1				
z00260_flashback-61813021	1	2	2	2.0	0.0	-1										2	
z02968_flashback-51956152	1	2	2	2.0	0.0	-1									2		
z02546_flashback-59384166	1	2	2	2.0	0.0	-1										2	
z00002_flashback-56111790	1	2	2	2.0	0.0	-1				2							
z01994_flashback-49327269	1	2	2	2.0	0.0	-1							2				
z00378_www_aftonbladet_se_debatt_article22957936_ab	1	3	3	3.0	0.0	0		3									
z02145_flashback-60355080	1	3	3	3.0	0.0	0					3						
z02146_flashback-54933404	1	3	3	3.0	0.0	0						3					
z02906_flashback-19417309	1	3	3	3.0	0.0	0										3	
z03221_flashback-56263444	1	2	2	2.0	0.0	-1										2	
z01329_www_aftonbladet_se_debatt_debattamnen_politik_article20271779_ab	1	2	2	2.0	0.0	-1								2			
z00574_flashback-56076844	1	1	1	1.0	0.0	-1									1		
z01467_flashback-50603677	1	2	2	2.0	0.0	-1		2									
z01418_flashback-63848932	1	3	3	3.0	0.0	0							3				
z00374_flashback-54645767	1	3	3	3.0	0.0	0							3				
z00691_www_svd_se_vi-ska-inte-ha-en-utlandsk-modell-och-en-svensk-modell	1	4	4	4.0	0.0	1									4		
z02070_www_aftonbladet_se_debatt_a_Eoqb32_tack--da-vet-vi-att-ni-vill-ha-mer-segregation	1	3	3	3.0	0.0	0		3									
z01161_flashback-58942871	1	2	2	2.0	0.0	-1		2									
z03216_flashback-45100133	1	2	2	2.0	0.0	-1					2						
z02138_www_aftonbladet_se_debatt_a_O5E9q_vi-star-upp-for-godhet--och-mots-av-forakt	1	4	4	4.0	0.0	1							4				
z01366_www_aftonbladet_se_debatt_article23423392_ab	1	5	5	5.0	0.0	1									5		
z00073_flashback-56132226	1	1	1	1.0	0.0	-1			1								
z02879_www_aftonbladet_se_debatt_debattamnen_politik_article11993103_ab	1	4	4	4.0	0.0	1										4	
z00138_flashback-30186562	1	3	3	3.0	0.0	0					3						
z02123_flashback-60364757	1	3	3	3.0	0.0	0										3	
z01686_flashback-43882678	1	4	4	4.0	0.0	1					4						
z02833_flashback-63597612	1	1	1	1.0	0.0	-1									1		
z01304_flashback-55624915	1	1	1	1.0	0.0	-1										1	
z00423_flashback-12928077	1	3	3	3.0	0.0	0		3									
z02543_flashback-52163397	1	3	3	3.0	0.0	0							3				
z01791_flashback-61580085	1	1	1	1.0	0.0	-1		1									
z01543_flashback-57861163	1	3	3	3.0	0.0	0						3					
z00962_www_svd_se_trottsam-mytbildning-om-ett-rasistiskt-sverige	1	3	3	3.0	0.0	0										3	
z02707_flashback-61111083	1	3	3	3.0	0.0	0									3		
z01659_flashback-54988257	1	2	2	2.0	0.0	-1					2						
z02690_flashback-63698084	1	2	2	2.0	0.0	-1										2	
z00588_flashback-31940918	1	1	1	1.0	0.0	-1					1						
z03066_flashback-39895584	1	2	2	2.0	0.0	-1					2						
z03789_flashback-61674554	1	2	2	2.0	0.0	-1		2									
z02239_flashback-52641602	1	3	3	3.0	0.0	0									3		
z00027_flashback-57855291	1	3	3	3.0	0.0	0		3									
z02337_flashback-59937261	1	2	2	2.0	0.0	-1								2			
z01130_flashback-53646337	1	2	2	2.0	0.0	-1							2				
www_aftonbladet_se_debatt_a_rLK41a_hur-ska-invandrare-bli-svenskar--utan-oss	1	3	3	3.0	0.0	0	3										
www_aftonbladet_se_debatt_a_052WM_skyll-inte-manggiftet-pa-nacka-kommun	6	1	3	2.3333333333333335	0.7453559924999298	-1	2		3		2	3			1	3	
z00724_flashback-62743716	1	1	1	1.0	0.0	-1						1					
z02361_www_aftonbladet_se_debatt_a_J8rP8_kinberg-batra-ar-bara-ute-efter-sds-valjare	1	3	3	3.0	0.0	0					3						
z01321_www_aftonbladet_se_debatt_a_62OQr_nej-vi-ar-inte-overens-om-landets-problem-s	1	3	3	3.0	0.0	0									3		
z03473_flashback-32900537	1	1	1	1.0	0.0	-1										1	
z01635_flashback-55739008	1	2	2	2.0	0.0	-1								2			
z01014_flashback-18532189	1	2	2	2.0	0.0	-1								2			
z01943_flashback-53037029	1	5	5	5.0	0.0	1										5	
z00913_flashback-6951930	1	3	3	3.0	0.0	0						3					
z00033_flashback-56280833	1	2	2	2.0	0.0	-1								2			
z04022_flashback-52872622	1	1	1	1.0	0.0	-1		1									
z01824_flashback-57657420	1	2	2	2.0	0.0	-1								2			
z03923_flashback-37496471	1	2	2	2.0	0.0	-1										2	
z00941_flashback-50386741	1	2	2	2.0	0.0	-1							2				
z01502_flashback-52046711	1	1	1	1.0	0.0	-1										1	
z00028_flashback-35316898	1	1	1	1.0	0.0	-1			1								
z01787_flashback-55956670	1	2	2	2.0	0.0	-1							2				
z00987_flashback-55052602	1	2	2	2.0	0.0	-1								2			
z00342_flashback-9018787	1	2	2	2.0	0.0	-1		2									
z02464_flashback-61636930	1	3	3	3.0	0.0	0									3		
z01836_flashback-63212461	1	3	3	3.0	0.0	0		3									
z02390_flashback-51050552	1	3	3	3.0	0.0	0							3				
z03543_flashback-55229391	1	3	3	3.0	0.0	0								3			
z01051_flashback-63066463	1	3	3	3.0	0.0	0									3		
www_aftonbladet_se_debatt_kronikorer_martinezpeleta_article12518713_ab	3	3	4	3.6666666666666665	0.4714045207910317	1		4		3						4	
z00982_www_aftonbladet_se_debatt_a_52jze_vi-maste-valja-ut-vilka-flyktingar-vi-tar-emot	1	4	4	4.0	0.0	1			4								
z01861_flashback-52985928	1	3	3	3.0	0.0	0									3		
z00790_www_aftonbladet_se_debatt_a_5Vzbvz_skamligt-att-leka-folja-john-med-sd-lofven	1	4	4	4.0	0.0	1									4		
z00147_flashback-3012695	1	2	2	2.0	0.0	-1					2						
z03319_www_aftonbladet_se_debatt_article10244614_ab	1	4	4	4.0	0.0	1									4		
z01840_flashback-63143186	1	3	3	3.0	0.0	0						3					
z00358_www_svd_se_oppna-for-fri-invandring--men-inte-nu	1	3	3	3.0	0.0	0									3		
z00466_www_svd_se_sd-dags-att-ovriga-partier-pratar-med-oss	1	2	2	2.0	0.0	-1									2		
z01672_www_aftonbladet_se_debatt_debattamnen_samhalle_article21376475_ab	1	4	4	4.0	0.0	1									4		
z03198_flashback-35866848	1	2	2	2.0	0.0	-1					2						
z03654_flashback-48140098	1	2	2	2.0	0.0	-1		2									
z03176_www_aftonbladet_se_debatt_a_BLOXe_vi-ar-redo-att-skapa-enklare-vagar-till-jobb	1	4	4	4.0	0.0	1										4	
z02664_www_aftonbladet_se_debatt_article10485140_ab	1	1	1	1.0	0.0	-1		1									
z03070_flashback-63101933	1	3	3	3.0	0.0	0			3								
flashback-55526311	5	2	3	2.4	0.4898979485566356	-1		3		2		3			2	2	
z00323_flashback-55043657	1	1	1	1.0	0.0	-1										1	
z01358_flashback-53376684	1	3	3	3.0	0.0	0										3	
z00091_flashback-46751753	1	3	3	3.0	0.0	0			3								
z02950_flashback-55701801	1	1	1	1.0	0.0	-1									1		
z01691_flashback-41242518	1	2	2	2.0	0.0	-1										2	
z03411_flashback-54554092	1	2	2	2.0	0.0	-1		2									
z02679_flashback-50294563	1	3	3	3.0	0.0	0								3			
z00900_flashback-7080349	8	1	2	1.875	0.33071891388307384	-1		2	2		2	2	2	2	2	1	
z00320_flashback-42987905	1	1	1	1.0	0.0	-1							1				
z03426_flashback-47167075	1	2	2	2.0	0.0	-1								2			
z00680_www_aftonbladet_se_debatt_article10329492_ab	1	4	4	4.0	0.0	1							4				
z00678_flashback-36538183	1	2	2	2.0	0.0	-1					2						
z00617_flashback-44710635	1	3	3	3.0	0.0	0							3				
z01219_flashback-40968823	1	3	3	3.0	0.0	0						3					
z01742_flashback-30016482	1	3	3	3.0	0.0	0							3				
z03018_flashback-4564437	1	2	2	2.0	0.0	-1					2						
z00751_flashback-59664534	1	1	1	1.0	0.0	-1						1					
z01528_flashback-4062343	1	3	3	3.0	0.0	0									3		
z01638_flashback-59138332	1	3	3	3.0	0.0	0		3									
z00305_flashback-47951675	1	3	3	3.0	0.0	0										3	
flashback-63545201	6	1	2	1.8333333333333333	0.3726779962499649	-1		2		2	2	2			1	2	
z02327_flashback-64186563	1	3	3	3.0	0.0	0							3				
z00904_flashback-54822597	1	3	3	3.0	0.0	0						3					
z00764_flashback-62936327	1	2	2	2.0	0.0	-1										2	
z02428_flashback-48341947	1	3	3	3.0	0.0	0									3		
z01076_www_aftonbladet_se_debatt_a_mjMLO_ska-vi-skicka-unga-i-doden-ministern	1	4	4	4.0	0.0	1							4				
z01365_flashback-53503850	1	2	2	2.0	0.0	-1								2			
z03917_flashback-9715886	1	2	2	2.0	0.0	-1				2							
z04036_flashback-62709224	1	2	2	2.0	0.0	-1		2									
z02595_flashback-55589651	1	1	1	1.0	0.0	-1					1						
z01476_flashback-56524490	1	2	2	2.0	0.0	-1		2									
z00952_flashback-62245997	1	3	3	3.0	0.0	0									3		
z00743_flashback-25700802	1	2	2	2.0	0.0	-1							2				
z00251_flashback-63103089	1	1	1	1.0	0.0	-1										1	
z03050_flashback-58604866	1	1	1	1.0	0.0	-1										1	
z02339_flashback-63804688	1	2	2	2.0	0.0	-1										2	
z01627_flashback-60850068	1	1	1	1.0	0.0	-1									1		
z00309_flashback-56978127	1	2	2	2.0	0.0	-1					2						
z00601_flashback-58076161	1	3	3	3.0	0.0	0									3		
z01465_flashback-43050827	1	2	2	2.0	0.0	-1									2		
z02437_www_aftonbladet_se_debatt_debattamnen_politik_article16527315_ab	1	3	3	3.0	0.0	0									3		
z01249_www_svd_se_c-driv-pa-eu-for-en-ny-flyktingpolitik	1	4	4	4.0	0.0	1									4		
z04067_flashback-49842276	1	2	2	2.0	0.0	-1		2									
z02725_flashback-57936648	1	3	3	3.0	0.0	0									3		
z03690_flashback-54988636	1	1	1	1.0	0.0	-1		1									
z02796_flashback-5945014	1	2	2	2.0	0.0	-1								2			
z02382_flashback-53501460	1	3	3	3.0	0.0	0								3			
z00606_www_aftonbladet_se_debatt_debattamnen_politik_article12112395_ab	1	5	5	5.0	0.0	1					5						
z01269_flashback-9216908	1	2	2	2.0	0.0	-1		2									
z01291_flashback-63432234	1	1	1	1.0	0.0	-1						1					
z02525_flashback-49691857	1	3	3	3.0	0.0	0							3				
z01440_flashback-51005227	1	2	2	2.0	0.0	-1		2									
z00035_www_aftonbladet_se_debatt_a_zodow_vi-valjer-hur-attacken-andrar-landet-sverige	1	3	3	3.0	0.0	0										3	
z00959_flashback-64009083	1	2	2	2.0	0.0	-1							2				
z02923_flashback-61242507	1	1	1	1.0	0.0	-1									1		
z00045_flashback-51474959	1	1	1	1.0	0.0	-1		1									
z00186_flashback-63001404	1	3	3	3.0	0.0	0								3			
z03534_www_svd_se_forskare-overge-fns-flyktingkonvention	1	4	4	4.0	0.0	1								4			
z02835_www_svd_se_sverige-kan-paverka-antalet-asylsokande	1	3	3	3.0	0.0	0		3									
z00112_www_aftonbladet_se_debatt_article22827043_ab	1	4	4	4.0	0.0	1						4					
z00589_flashback-5035285	1	3	3	3.0	0.0	0						3					
z00089_www_svd_se_rasismen-motverkar-chans-till-integration	1	4	4	4.0	0.0	1										4	
z00447_flashback-40850969	1	1	1	1.0	0.0	-1								1			
z02622_flashback-59246631	1	3	3	3.0	0.0	0					3						
z02401_flashback-50532249	1	4	4	4.0	0.0	1									4		
z02019_www_aftonbladet_se_debatt_article23114121_ab	1	4	4	4.0	0.0	1					4						
z03612_flashback-331919	1	3	3	3.0	0.0	0					3						
z00943_flashback-53115222	1	2	2	2.0	0.0	-1									2		
z01473_flashback-63625230	1	2	2	2.0	0.0	-1								2			
z03819_flashback-56328978	1	2	2	2.0	0.0	-1					2						
z02071_flashback-49065389	1	3	3	3.0	0.0	0			3								
z02514_flashback-54883701	1	2	2	2.0	0.0	-1					2						
z02453_flashback-63761798	1	2	2	2.0	0.0	-1							2				
z00990_flashback-58630073	1	2	2	2.0	0.0	-1		2									
z01778_www_svd_se_bestam-asylsokandes-alder-vid-ankomsten	1	3	3	3.0	0.0	0							3				
z01346_flashback-63972699	1	2	2	2.0	0.0	-1							2				
z03378_flashback-12875845	1	4	4	4.0	0.0	1					4						
z00238_flashback-55423908	1	3	3	3.0	0.0	0						3					
z00825_www_svd_se_sa-ska-varden-klara-flyktingstrommen	1	3	3	3.0	0.0	0								3			
z03682_flashback-43552008	1	1	1	1.0	0.0	-1			1								
z00448_flashback-3165018	1	1	1	1.0	0.0	-1									1		
z00705_flashback-59874520	1	2	2	2.0	0.0	-1					2						
z00039_www_aftonbladet_se_debatt_article10409293_ab	1	3	3	3.0	0.0	0					3						
z01853_flashback-61946140	1	2	2	2.0	0.0	-1										2	
z00030_flashback-41394202	1	3	3	3.0	0.0	0					3						
z03971_flashback-60021565	1	3	3	3.0	0.0	0				3							
z03672_flashback-62261546	1	2	2	2.0	0.0	-1		2									
z00125_flashback-54723650	1	1	1	1.0	0.0	-1										1	
z00629_flashback-59195987	1	2	2	2.0	0.0	-1										2	
z01770_flashback-61674200	1	2	2	2.0	0.0	-1								2			
z03765_flashback-56365373	1	2	2	2.0	0.0	-1					2						
z01320_flashback-51186465	1	4	4	4.0	0.0	1								4			
z00673_flashback-54621108	1	3	3	3.0	0.0	0									3		
z00066_www_aftonbladet_se_debatt_a_bKzeK5_de-nyanlanda-vet-inte-hur-sverige-fungerar	1	3	3	3.0	0.0	0					3						
z00539_flashback-60829563	1	2	2	2.0	0.0	-1										2	
z00360_flashback-54998324	1	3	3	3.0	0.0	0		3									
z04081_flashback-52163441	1	3	3	3.0	0.0	0		3									
z03905_flashback-38571435	1	3	3	3.0	0.0	0										3	
z00918_www_svd_se_fortsatt-oppet-sverige-kraver-att-fler-jobbar	1	4	4	4.0	0.0	1		4									
z00835_flashback-54930928	1	2	2	2.0	0.0	-1									2		
z02618_www_svd_se_frustrerande-lang-vag-till-nytt-liv-i-sverige	1	4	4	4.0	0.0	1										4	
z00347_flashback-58371657	1	1	1	1.0	0.0	-1							1				
z01457_flashback-38920148	1	3	3	3.0	0.0	0										3	
z02631_flashback-58197849	1	2	2	2.0	0.0	-1					2						
z03112_flashback-46230365	1	3	3	3.0	0.0	0									3		
z01718_flashback-12592737	1	3	3	3.0	0.0	0										3	
z00464_flashback-43872264	1	2	2	2.0	0.0	-1							2				
z01680_flashback-61045633	1	2	2	2.0	0.0	-1								2			
z00264_flashback-58342805	1	2	2	2.0	0.0	-1					2						
z01832_flashback-60007837	1	3	3	3.0	0.0	0							3				
z03939_www_aftonbladet_se_debatt_article11240863_ab	1	4	4	4.0	0.0	1								4			
z00979_flashback-31386143	1	1	1	1.0	0.0	-1									1		
z01702_flashback-45315840	1	4	4	4.0	0.0	1			4								
z01987_flashback-55245237	1	3	3	3.0	0.0	0									3		
z03480_flashback-63887148	1	2	2	2.0	0.0	-1								2			
z00067_flashback-49375943	1	2	2	2.0	0.0	-1						2					
z00573_www_aftonbladet_se_debatt_a_WM1Rd_hur-mycket-lidande-klarar-ni-politiker	1	4	4	4.0	0.0	1								4			
z00356_www_svd_se_vad-ar-det-for-fel-pa-svensk-forskning	1	2	2	2.0	0.0	-1							2				
z03438_flashback-1717895	1	3	3	3.0	0.0	0		3									
z02978_flashback-38373890	1	2	2	2.0	0.0	-1										2	
z01633_flashback-9896920	1	3	3	3.0	0.0	0						3					
z01040_flashback-55110492	1	3	3	3.0	0.0	0							3				
flashback-30677203	8	2	3	2.25	0.4330127018922193	-1		2	3	2	2	3	2		2	2	
z00500_flashback-61140231	1	2	2	2.0	0.0	-1							2				
z00849_flashback-58829094	1	1	1	1.0	0.0	-1					1						
z02609_www_aftonbladet_se_debatt_a_VEVq1_mp-barnen-som-kom-hit-maste-fa-stanna	1	4	4	4.0	0.0	1										4	
z02022_www_aftonbladet_se_debatt_arbetsmarknad_article20481743_ab	1	4	4	4.0	0.0	1								4			
z03275_flashback-4369495	1	2	2	2.0	0.0	-1										2	
z04012_flashback-61630520	1	2	2	2.0	0.0	-1		2									
z00093_flashback-63461569	1	3	3	3.0	0.0	0					3						
z01176_flashback-60921259	1	2	2	2.0	0.0	-1								2			
z01699_flashback-51313553	1	2	2	2.0	0.0	-1									2		
z00085_flashback-55602594	1	3	3	3.0	0.0	0						3					
z03953_flashback-43987307	1	2	2	2.0	0.0	-1				2							
z03067_flashback-51394219	1	3	3	3.0	0.0	0									3		
z03166_flashback-31224687	1	1	1	1.0	0.0	-1									1		
z01042_flashback-60507475	1	2	2	2.0	0.0	-1									2		
z02065_www_svd_se_forenklat-att-kalla-avslag-orattvisa	1	3	3	3.0	0.0	0						3					
z00214_flashback-54590525	1	1	1	1.0	0.0	-1									1		
z00106_flashback-54504385	1	5	5	5.0	0.0	1									5		
z01498_flashback-57649331	1	3	3	3.0	0.0	0						3					
z02825_www_aftonbladet_se_debatt_debattamnen_eu_article21301406_ab	1	5	5	5.0	0.0	1										5	
z02745_flashback-63377813	1	1	1	1.0	0.0	-1		1									
www_aftonbladet_se_debatt_a_L030aQ_darfor-ar-burkaforbud-bade-dumt-och-farligt	8	2	4	3.5	0.7071067811865476	1	4	3		2	3	4	4	4		4	true
z02581_flashback-54656497	1	3	3	3.0	0.0	0									3		
z03751_flashback-59717077	1	3	3	3.0	0.0	0									3		
z02665_flashback-54953222	1	3	3	3.0	0.0	0			3								
z00504_flashback-38488021	1	2	2	2.0	0.0	-1		2									
z00745_flashback-60726334	1	3	3	3.0	0.0	0									3		
z00207_flashback-35847237	1	1	1	1.0	0.0	-1		1									
z03237_www_aftonbladet_se_debatt_article10245533_ab	1	4	4	4.0	0.0	1								4			
z00843_flashback-62944496	1	3	3	3.0	0.0	0								3			
z00744_flashback-13150632	1	2	2	2.0	0.0	-1								2			
z03815_www_aftonbladet_se_debatt_lottagroning_article11892327_ab	1	4	4	4.0	0.0	1										4	
z02847_flashback-61356114	1	2	2	2.0	0.0	-1					2						
z00016_flashback-36394833	1	1	1	1.0	0.0	-1									1		
z02748_flashback-53813668	1	5	5	5.0	0.0	1					5						
z00816_www_svd_se_en-ceremoni-ska-markera-medborgarskap	1	4	4	4.0	0.0	1								4			
z00126_www_svd_se_nyanlanda-bor-fa-stod-i-fem-till-sju-ar	1	4	4	4.0	0.0	1		4									
z00412_flashback-58083906	1	1	1	1.0	0.0	-1									1		
z02559_flashback-50101781	1	2	2	2.0	0.0	-1					2						
z01664_www_svd_se_markligt-och-grundlost-om-utlandska-lakare	1	4	4	4.0	0.0	1										4	
z01650_flashback-51940526	1	2	2	2.0	0.0	-1					2						
z03369_flashback-22065417	1	2	2	2.0	0.0	-1					2						
z02150_flashback-39679052	1	3	3	3.0	0.0	0										3	
z02489_flashback-63900669	1	2	2	2.0	0.0	-1							2				
z02397_www_svd_se_jurister-c-bor-saga-ja-till-lag-for-ensamkommande	1	4	4	4.0	0.0	1					4						
z00921_flashback-61243519	1	2	2	2.0	0.0	-1					2						
z01133_www_aftonbladet_se_debatt_article10322568_ab	1	5	5	5.0	0.0	1										5	
z01259_flashback-62116918	1	4	4	4.0	0.0	1										4	
z02276_flashback-61355365	1	2	2	2.0	0.0	-1										2	
www_aftonbladet_se_debatt_a_jPzWkA_vart-asylsystem-i-eu-fungerar-inte-langre	1	3	3	3.0	0.0	0	3										
z00989_flashback-12770284	1	3	3	3.0	0.0	0										3	
z02410_flashback-2334723	1	3	3	3.0	0.0	0									3		
z03581_flashback-56080663	1	3	3	3.0	0.0	0										3	
z03678_flashback-38579765	1	2	2	2.0	0.0	-1								2			
z00530_flashback-60680654	1	1	1	1.0	0.0	-1										1	
z00285_flashback-12036989	1	4	4	4.0	0.0	1								4			
z01621_flashback-54616849	1	3	3	3.0	0.0	0			3								
z00723_www_aftonbladet_se_debatt_debattamnen_politik_article19927206_ab	1	2	2	2.0	0.0	-1					2						
z03904_flashback-56565328	1	2	2	2.0	0.0	-1									2		
z00021_www_aftonbladet_se_debatt_article16285010_ab	1	3	3	3.0	0.0	0					3						
z04068_flashback-60298425	1	2	2	2.0	0.0	-1		2									
z02478_flashback-31704047	1	2	2	2.0	0.0	-1					2						
z00538_flashback-62301498	1	3	3	3.0	0.0	0									3		
z03087_flashback-45011853	1	3	3	3.0	0.0	0		3									
z03832_flashback-53048138	1	2	2	2.0	0.0	-1									2		
z01355_flashback-62698551	2	1	2	1.5	0.5	-1									1	2	
z01850_flashback-4880103	1	3	3	3.0	0.0	0							3				
z01229_flashback-2669341	1	2	2	2.0	0.0	-1							2				
z00838_flashback-63299922	1	2	2	2.0	0.0	-1			2								
z03284_flashback-9661012	1	3	3	3.0	0.0	0										3	
z00733_www_svd_se_vi-kanner-inte-igen-perssons-landskrona	1	5	5	5.0	0.0	1						5					
z01792_flashback-60965401	1	3	3	3.0	0.0	0			3								
z00134_flashback-61937903	1	1	1	1.0	0.0	-1										1	
z02107_flashback-15247839	1	3	3	3.0	0.0	0			3								
z00872_flashback-7785035	1	1	1	1.0	0.0	-1										1	
z03403_flashback-39955921	1	3	3	3.0	0.0	0			3								
z00566_flashback-29664734	1	3	3	3.0	0.0	0										3	
z01705_flashback-63543009	1	3	3	3.0	0.0	0						3					
z03283_www_aftonbladet_se_debatt_article16027698_ab	1	5	5	5.0	0.0	1									5		
z00424_flashback-60307713	1	3	3	3.0	0.0	0			3								
z03984_www_svd_se_lidingo-viktigt-att-vi-behandlar-alla-lika	1	3	3	3.0	0.0	0								3			
z00964_flashback-29782285	1	3	3	3.0	0.0	0			3								
z03675_flashback-50233657	1	1	1	1.0	0.0	-1					1						
z01285_www_aftonbladet_se_debatt_article16237331_ab	1	5	5	5.0	0.0	1									5		
z02184_www_aftonbladet_se_debatt_article22668038_ab	1	4	4	4.0	0.0	1								4			
z03192_flashback-55190963	1	3	3	3.0	0.0	0								3			
z00939_flashback-40970789	1	2	2	2.0	0.0	-1					2						
z00967_flashback-43665565	1	3	3	3.0	0.0	0						3					
z01187_flashback-59976972	1	1	1	1.0	0.0	-1										1	
z00003_flashback-3638566	1	2	2	2.0	0.0	-1					2						
z00076_flashback-52371935	1	1	1	1.0	0.0	-1						1					
z00465_flashback-20809386	1	2	2	2.0	0.0	-1								2			
z03148_www_aftonbladet_se_debatt_article21337844_ab	1	4	4	4.0	0.0	1									4		
z01932_flashback-51348725	1	2	2	2.0	0.0	-1								2			
z01218_www_aftonbladet_se_debatt_article10373241_ab	1	4	4	4.0	0.0	1					4						
z01299_flashback-61369105	1	2	2	2.0	0.0	-1					2						
z00267_flashback-46435707	1	2	2	2.0	0.0	-1								2			
z01851_flashback-64148829	1	2	2	2.0	0.0	-1								2			
z00318_flashback-59486369	1	3	3	3.0	0.0	0					3						
z03890_flashback-58570143	1	2	2	2.0	0.0	-1				2							
z01585_flashback-56274632	1	1	1	1.0	0.0	-1			1								
z00336_flashback-56293110	1	2	2	2.0	0.0	-1					2						
z02311_flashback-38013275	1	3	3	3.0	0.0	0									3		
z01535_flashback-55720674	1	3	3	3.0	0.0	0							3				
z02471_www_aftonbladet_se_debatt_debattamnen_politik_article12004332_ab	1	3	3	3.0	0.0	0							3				
z01069_www_aftonbladet_se_debatt_article10303009_ab	1	5	5	5.0	0.0	1									5		
z01642_www_aftonbladet_se_debatt_a_r7KPa_franco-ar-saker--han-blir-dodad-i-nigeria	1	4	4	4.0	0.0	1						4					
z02536_flashback-58550275	1	3	3	3.0	0.0	0									3		
z02411_flashback-10688119	1	2	2	2.0	0.0	-1										2	
z02718_flashback-55612274	1	2	2	2.0	0.0	-1		2									
z01368_flashback-53043545	1	3	3	3.0	0.0	0		3									
z03547_www_aftonbladet_se_debatt_debattamnen_politik_article14788882_ab	1	4	4	4.0	0.0	1			4								
z02914_flashback-56603504	1	2	2	2.0	0.0	-1									2		
z02892_flashback-57976377	1	2	2	2.0	0.0	-1					2						
z01360_flashback-40653846	1	2	2	2.0	0.0	-1			2								
z03246_www_svd_se_m-kraftiga-besparingar-pa-migration	1	2	2	2.0	0.0	-1								2			
flashback-40279239	1	3	3	3.0	0.0	0									3		
z00584_flashback-21555951	1	1	1	1.0	0.0	-1										1	
z02299_flashback-8678300	1	2	2	2.0	0.0	-1						2					
z01059_www_aftonbladet_se_debatt_kronikorer_karinmagnusson_article12111555_ab	1	4	4	4.0	0.0	1								4			
z00696_flashback-13386768	1	2	2	2.0	0.0	-1					2						
z00885_flashback-62258481	1	2	2	2.0	0.0	-1					2						
z00298_flashback-56296320	1	2	2	2.0	0.0	-1			2								
z02357_flashback-54466803	1	2	2	2.0	0.0	-1										2	
z03212_www_aftonbladet_se_debatt_article20902392_ab	1	4	4	4.0	0.0	1										4	
z00403_flashback-56238823	1	2	2	2.0	0.0	-1									2		
z03489_flashback-17611817	1	1	1	1.0	0.0	-1								1			
z02323_flashback-58752314	1	2	2	2.0	0.0	-1			2								
z03842_www_aftonbladet_se_debatt_article21866097_ab	1	5	5	5.0	0.0	1										5	
z01872_flashback-25950897	1	2	2	2.0	0.0	-1		2									
z02757_flashback-5843914	1	3	3	3.0	0.0	0					3						
z00224_flashback-63507980	1	1	1	1.0	0.0	-1										1	
z03702_flashback-53092536	1	2	2	2.0	0.0	-1					2						
z02961_flashback-58888904	1	1	1	1.0	0.0	-1		1									
z01813_flashback-60867393	1	3	3	3.0	0.0	0						3					
z00877_flashback-63549350	1	3	3	3.0	0.0	0						3					
z00860_flashback-44472485	1	2	2	2.0	0.0	-1							2				
z02611_flashback-61805506	6	2	3	2.1666666666666665	0.3726779962499649	-1		2	2		2			2	3	2	
z01214_flashback-7526923	1	2	2	2.0	0.0	-1										2	
z03477_flashback-60242224	1	2	2	2.0	0.0	-1					2						
z03293_www_svd_se_sa-slog-vi-hal-pa-fordomarna	1	4	4	4.0	0.0	1										4	
z01144_flashback-51302051	1	1	1	1.0	0.0	-1			1								
z00782_flashback-59867416	1	2	2	2.0	0.0	-1										2	
z02293_flashback-58474413	1	3	3	3.0	0.0	0									3		
z00341_flashback-54221166	1	1	1	1.0	0.0	-1										1	
flashback-33919885	9	1	4	2.6666666666666665	0.9428090415820634	-1		2	3	3	1	2	3	4	4	2	true
z03058_www_svd_se_sapo-behover-fa-mer-insyn-i-asylutredningar	1	3	3	3.0	0.0	0									3		
z03707_flashback-64028253	1	2	2	2.0	0.0	-1										2	
z02053_www_svd_se_eu-maste-skapa-lagliga-vagar-for-flyktingar	1	4	4	4.0	0.0	1			4								
z03463_flashback-24567516	1	3	3	3.0	0.0	0									3		
z01308_flashback-10089799	1	2	2	2.0	0.0	-1					2						
z00908_flashback-13522687	1	1	1	1.0	0.0	-1										1	
z00817_flashback-57160310	1	1	1	1.0	0.0	-1									1		
z02223_www_svd_se_stang-inte-granserna-for-syriens-flyende	1	5	5	5.0	0.0	1		5									
z02042_flashback-59284404	1	2	2	2.0	0.0	-1										2	
z03535_flashback-13783287	1	3	3	3.0	0.0	0									3		
z03363_flashback-37940888	1	1	1	1.0	0.0	-1								1			
z00532_www_aftonbladet_se_debatt_article21621265_ab	1	4	4	4.0	0.0	1			4								
z01920_flashback-41259146	1	2	2	2.0	0.0	-1					2						
z00325_flashback-63650586	1	3	3	3.0	0.0	0			3								
z02302_flashback-60113442	1	3	3	3.0	0.0	0									3		
z00208_flashback-41625571	1	3	3	3.0	0.0	0			3								
z03086_flashback-54743709	1	2	2	2.0	0.0	-1										2	
z02670_www_aftonbladet_se_debatt_article12066557_ab	1	4	4	4.0	0.0	1								4			
z02007_flashback-18289390	1	2	2	2.0	0.0	-1		2									
z01007_flashback-10546335	1	1	1	1.0	0.0	-1										1	
z01957_flashback-44940973	1	3	3	3.0	0.0	0						3					
z02050_www_svd_se_barn-maste-kunna-forenas-med-familjen	1	3	3	3.0	0.0	0									3		
flashback-30593398	8	1	3	1.625	0.6959705453537527	-1		1	3		1	2	2	2	1	1	
z01079_flashback-54900298	1	3	3	3.0	0.0	0										3	
z02154_flashback-63432368	1	2	2	2.0	0.0	-1					2						
z02409_www_svd_se_eu-har-baddat-for-tragedierna-till-havs	1	4	4	4.0	0.0	1								4			
z00702_flashback-59552651	1	2	2	2.0	0.0	-1		2									
z01878_www_svd_se_sverige-vet-inte-vad-invandringen-kostar	1	2	2	2.0	0.0	-1								2			
z00571_flashback-38267238	1	2	2	2.0	0.0	-1						2					
z00361_www_svd_se_asyl-kan-bara-ges-for-de-som-ar-i-sverige	1	3	3	3.0	0.0	0			3								
z02040_flashback-46212772	1	2	2	2.0	0.0	-1								2			
z02482_flashback-54755654	1	3	3	3.0	0.0	0									3		
z01458_flashback-54836367	1	3	3	3.0	0.0	0		3									
z02242_flashback-61001329	1	3	3	3.0	0.0	0			3								
z00914_flashback-61805473	1	1	1	1.0	0.0	-1							1				
z02520_www_aftonbladet_se_debatt_article16022419_ab	4	3	4	3.75	0.4330127018922193	1			4		4		4		3		
z00215_www_aftonbladet_se_debatt_article23273609_ab	1	3	3	3.0	0.0	0										3	
z03880_flashback-61022087	1	2	2	2.0	0.0	-1			2								
z02760_flashback-48653101	1	3	3	3.0	0.0	0								3			
z02033_flashback-32997874	1	2	2	2.0	0.0	-1										2	
z00570_flashback-62279560	1	1	1	1.0	0.0	-1					1						
z03933_flashback-63100210	1	3	3	3.0	0.0	0		3									
z01238_flashback-56430958	1	2	2	2.0	0.0	-1							2				
z01022_www_svd_se_ullenhag-lagger-ansvaret-pa-de-utestangda	1	3	3	3.0	0.0	0							3				
z03849_www_aftonbladet_se_debatt_article10681877_ab	1	3	3	3.0	0.0	0								3			
z00304_www_svd_se_halften-av-utrikes-fodda-elever-har-upplevt-rasism	1	5	5	5.0	0.0	1									5		
z00576_flashback-32745417	1	2	2	2.0	0.0	-1		2									
z01103_www_aftonbladet_se_debatt_debattamnen_samhalle_article19151718_ab	1	4	4	4.0	0.0	1							4				
z03417_flashback-313963	1	2	2	2.0	0.0	-1								2			
z00161_flashback-60865813	1	2	2	2.0	0.0	-1										2	
z02194_www_aftonbladet_se_debatt_article10921557_ab	1	3	3	3.0	0.0	0									3		
z02637_www_svd_se_regeringen-slosar-med-nyanlandas-kompetens	1	3	3	3.0	0.0	0		3									
z01170_flashback-6126206	1	1	1	1.0	0.0	-1		1									
z02068_flashback-56466348	1	3	3	3.0	0.0	0									3		
z00998_flashback-59144833	1	1	1	1.0	0.0	-1										1	
z03122_flashback-41598509	1	2	2	2.0	0.0	-1										2	
z02946_flashback-61965849	1	2	2	2.0	0.0	-1					2						
z03693_flashback-5731241	1	2	2	2.0	0.0	-1					2						
z02838_flashback-60354717	1	3	3	3.0	0.0	0					3						
z01484_www_aftonbladet_se_debatt_a_4wyk9_nya-traditioner-blir-inte-alltid-svenska	1	3	3	3.0	0.0	0										3	
www_svd_se_myter-fran-lo-hotar-jobben	4	4	5	4.25	0.4330127018922193	1						4	4	4		5	
z01510_flashback-52670114	1	1	1	1.0	0.0	-1									1		
z01819_flashback-57287460	1	2	2	2.0	0.0	-1			2								
z00491_flashback-59234793	1	3	3	3.0	0.0	0							3				
z02300_flashback-60239687	1	2	2	2.0	0.0	-1							2				
z00233_flashback-58738299	1	2	2	2.0	0.0	-1										2	
z02640_www_aftonbladet_se_debatt_article10434555_ab	1	4	4	4.0	0.0	1					4						
z01335_www_aftonbladet_se_debatt_article14117745_ab	1	4	4	4.0	0.0	1					4						
z03999_flashback-37457300	1	2	2	2.0	0.0	-1					2						
z02671_flashback-37862964	1	1	1	1.0	0.0	-1									1		
z00876_flashback-63207114	1	2	2	2.0	0.0	-1					2						
z00081_flashback-47537439	1	2	2	2.0	0.0	-1		2									
z01481_flashback-55605212	1	3	3	3.0	0.0	0							3				
z02203_www_aftonbladet_se_debatt_a_38LgP_visa-var-gransen-till-sd-gar-kinberg-batra	1	3	3	3.0	0.0	0									3		
z01862_flashback-6946724	1	3	3	3.0	0.0	0										3	
www_aftonbladet_se_debatt_a_0EvzXg_det-ar-inte-fascism-att-vaga-prata-om-problem	5	1	3	2.4	0.8	-1	3	3			3				1	2	
z02616_flashback-8337725	1	2	2	2.0	0.0	-1								2			
www_aftonbladet_se_debatt_a_7Wbgv_anstallda-far-en-trygg-anstallning-hos-oss	2	3	3	3.0	0.0	0	3								3		
z00324_flashback-19369959	1	2	2	2.0	0.0	-1		2									
z03526_flashback-32067893	1	3	3	3.0	0.0	0									3		
z01265_flashback-57629296	1	2	2	2.0	0.0	-1							2				
www_aftonbladet_se_debatt_a_OdMV1_rensa-inte-ut-allt-fran-reinfeldts-tid-anna	1	3	3	3.0	0.0	0									3		
z02811_flashback-60268338	1	2	2	2.0	0.0	-1					2						
z00755_flashback-59839456	1	3	3	3.0	0.0	0										3	
z02919_flashback-54706022	1	2	2	2.0	0.0	-1					2						
z03945_flashback-55273057	1	2	2	2.0	0.0	-1					2						
z03989_flashback-17743891	1	2	2	2.0	0.0	-1				2							
z00249_flashback-28454179	1	3	3	3.0	0.0	0								3			
z02476_flashback-54199194	1	4	4	4.0	0.0	1			4								
z00062_flashback-61610366	1	2	2	2.0	0.0	-1										2	
z02779_flashback-19542791	1	3	3	3.0	0.0	0									3		
z01828_flashback-56453871	1	3	3	3.0	0.0	0			3								
z00427_flashback-21352294	1	3	3	3.0	0.0	0						3					
z04080_flashback-13174461	1	4	4	4.0	0.0	1		4									
z02462_flashback-31673976	1	2	2	2.0	0.0	-1							2				
z02127_flashback-57012817	1	1	1	1.0	0.0	-1					1						
z01058_flashback-63465669	1	3	3	3.0	0.0	0							3				
z02528_www_svd_se_lat-lansstyrelsen-ansvara-for-arbetskraftsinvandringen	1	4	4	4.0	0.0	1										4	
z04032_www_svd_se_kd-lidingo-riksdagen-skyfflar-over-problem-pa-oss	1	3	3	3.0	0.0	0		3									
z00707_flashback-34098443	1	2	2	2.0	0.0	-1							2				
z01173_www_aftonbladet_se_debatt_article11621391_ab	1	4	4	4.0	0.0	1									4		
z02466_www_aftonbladet_se_debatt_article19236515_ab	1	3	3	3.0	0.0	0		3									
z00143_flashback-59117707	1	1	1	1.0	0.0	-1										1	
z03310_www_aftonbladet_se_debatt_article12043473_ab	1	2	2	2.0	0.0	-1									2		
z02014_flashback-54679160	1	2	2	2.0	0.0	-1									2		
z01403_flashback-38352066	1	2	2	2.0	0.0	-1										2	
z03606_www_svd_se_migrationsverket-minoriteter-sands-inte-till-norra-irak	1	3	3	3.0	0.0	0								3			
z02200_flashback-45249053	1	4	4	4.0	0.0	1						4					
www_aftonbladet_se_debatt_a_vmzJ1p_hur-kan-skattepengar-ga-till-hatpredikanter	4	1	2	1.5	0.5	-1		2			2				1	1	
z00242_flashback-57759724	1	1	1	1.0	0.0	-1										1	
z03338_flashback-56718194	1	2	2	2.0	0.0	-1										2	
z01913_flashback-55702702	1	2	2	2.0	0.0	-1							2				
z02159_www_aftonbladet_se_debatt_article10255412_ab	1	4	4	4.0	0.0	1										4	
z01754_flashback-61821003	1	2	2	2.0	0.0	-1										2	
z00206_flashback-61084310	1	1	1	1.0	0.0	-1										1	
z00699_www_aftonbladet_se_debatt_article10410984_ab	1	4	4	4.0	0.0	1								4			
z00628_www_aftonbladet_se_debatt_article11489641_ab	1	3	3	3.0	0.0	0									3		
z00550_flashback-6556357	1	2	2	2.0	0.0	-1			2								
z01547_flashback-62195013	1	2	2	2.0	0.0	-1										2	
z03894_www_svd_se_migrationsdebatt-utan-grund-i-statistik	1	4	4	4.0	0.0	1								4			
z03642_flashback-64141723	1	1	1	1.0	0.0	-1								1			
z00878_flashback-35436100	1	4	4	4.0	0.0	1							4				
z04053_flashback-55752359	1	2	2	2.0	0.0	-1		2									
z02941_www_svd_se_gor-inte-om-de-danska-misstagen	1	4	4	4.0	0.0	1									4		
z00935_flashback-60756207	1	2	2	2.0	0.0	-1										2	
z01921_www_svd_se_flyktingbarn-lever-i-rattslig-grazon	1	4	4	4.0	0.0	1						4					
z00259_flashback-37401850	1	1	1	1.0	0.0	-1									1		
z02802_flashback-52092461	1	2	2	2.0	0.0	-1					2						
z03810_flashback-23266210	1	3	3	3.0	0.0	0					3						
z02975_www_svd_se_dabrowski-far-mig-att-lamna-publicistklubben	1	4	4	4.0	0.0	1									4		
z02593_flashback-64045300	1	2	2	2.0	0.0	-1			2								
z01155_flashback-55592431	1	2	2	2.0	0.0	-1					2						
z02077_flashback-61729265	1	1	1	1.0	0.0	-1									1		
z00266_flashback-18808599	1	1	1	1.0	0.0	-1							1				
z03777_flashback-6977841	1	2	2	2.0	0.0	-1								2			
www_aftonbladet_se_debatt_article22871619_ab	6	2	5	3.1666666666666665	1.0671873729054748	1				2	2	3	3	4		5	true
z01254_flashback-50207103	1	2	2	2.0	0.0	-1					2						
z00502_flashback-57083688	1	1	1	1.0	0.0	-1									1		
z02901_flashback-56155423	1	2	2	2.0	0.0	-1					2						
z01599_flashback-58912918	1	4	4	4.0	0.0	1								4			
z02969_flashback-2118807	1	3	3	3.0	0.0	0										3	
z02079_flashback-27207268	1	4	4	4.0	0.0	1		4									
z01233_flashback-56568513	1	2	2	2.0	0.0	-1		2									
www_aftonbladet_se_debatt_article22377594_ab	2	2	3	2.5	0.5	-1									2	3	
z03409_www_svd_se_sd-omprova-fri-vard-for-papperslosa	1	2	2	2.0	0.0	-1									2		
z03653_flashback-42136942	1	1	1	1.0	0.0	-1										1	
z00271_flashback-58186279	1	2	2	2.0	0.0	-1			2								
z03178_flashback-29188411	1	1	1	1.0	0.0	-1			1								
z02496_www_aftonbladet_se_debatt_kronikorer_martinezpeleta_article12421051_ab	1	3	3	3.0	0.0	0					3						
z02274_flashback-63227101	1	2	2	2.0	0.0	-1								2			
z01447_flashback-61679450	1	3	3	3.0	0.0	0									3		
z03400_flashback-37479600	1	1	1	1.0	0.0	-1									1		
z00501_flashback-61414250	1	3	3	3.0	0.0	0								3			
z01882_flashback-50801870	1	2	2	2.0	0.0	-1			2								
z03013_flashback-31264021	1	2	2	2.0	0.0	-1									2		
z00626_www_svd_se_ar-sverige-bast-pa-integration	1	3	3	3.0	0.0	0							3				
z01390_www_aftonbladet_se_debatt_article21376274_ab	1	4	4	4.0	0.0	1						4					
z00499_flashback-36825800	1	1	1	1.0	0.0	-1						1					
z04045_flashback-54735143	1	2	2	2.0	0.0	-1		2									
z00322_flashback-46823356	1	3	3	3.0	0.0	0									3		
z01417_flashback-17704269	1	3	3	3.0	0.0	0						3					
z01558_flashback-62995332	1	1	1	1.0	0.0	-1			1								
z01744_flashback-338837	1	3	3	3.0	0.0	0									3		
z02465_flashback-59877353	1	2	2	2.0	0.0	-1										2	
z00188_flashback-64030839	1	1	1	1.0	0.0	-1										1	
z00152_flashback-28825140	1	1	1	1.0	0.0	-1										1	
z01979_flashback-33489733	1	5	5	5.0	0.0	1										5	
z03706_flashback-60113347	1	1	1	1.0	0.0	-1									1		
z04063_flashback-14790774	1	1	1	1.0	0.0	-1		1									
z02176_flashback-42933622	1	3	3	3.0	0.0	0									3		
z01391_www_svd_se_fel-av-sverige-att-kringga-ratten-till-asyl	1	4	4	4.0	0.0	1							4				
z02167_www_aftonbladet_se_debatt_article22827077_ab	1	3	3	3.0	0.0	0									3		
z02518_flashback-10798933	1	1	1	1.0	0.0	-1									1		
z00940_flashback-62052218	1	2	2	2.0	0.0	-1						2					
z01597_flashback-32383096	1	3	3	3.0	0.0	0						3					
z02230_flashback-61145329	1	1	1	1.0	0.0	-1									1		
z00644_flashback-62396024	1	4	4	4.0	0.0	1							4				
z01463_flashback-55855244	1	2	2	2.0	0.0	-1							2				
z03900_flashback-303616	1	1	1	1.0	0.0	-1					1						
z03495_flashback-27499284	1	2	2	2.0	0.0	-1					2						
z01581_flashback-56114359	1	3	3	3.0	0.0	0								3			
z03603_flashback-63831980	1	2	2	2.0	0.0	-1					2						
z01998_flashback-24480255	1	2	2	2.0	0.0	-1		2									
www_aftonbladet_se_debatt_debattamnen_eu_article18398968_ab	5	3	5	4.0	0.6324555320336759	1					4	4	3	4		5	
z00512_flashback-58728992	1	2	2	2.0	0.0	-1										2	
z02160_flashback-32646485	1	3	3	3.0	0.0	0		3									
z01628_www_svd_se_antalet-hemlosa-vaxer-dramatiskt	1	5	5	5.0	0.0	1									5		
z00457_flashback-33990557	1	3	3	3.0	0.0	0									3		
z02991_www_aftonbladet_se_debatt_article18972623_ab	1	5	5	5.0	0.0	1					5						
z03771_flashback-14638907	1	1	1	1.0	0.0	-1		1									
z01414_flashback-38071284	1	3	3	3.0	0.0	0			3								
z01141_flashback-64148105	1	3	3	3.0	0.0	0									3		
z00912_www_aftonbladet_se_debatt_article19516338_ab	1	3	3	3.0	0.0	0					3						
